algorithm,vertices,edges,average_time_seconds
Dijkstra,100,500,0.0001472400001148344
Bellman-Ford,100,500,0.00038258000004134376
Prim,100,500,0.00035031999977945815
Dijkstra,500,2000,0.0010571799999524955
Bellman-Ford,500,2000,0.003253679999943415
Prim,500,2000,0.001720059999934165
Dijkstra,1000,5000,0.002039180000247143
Bellman-Ford,1000,5000,0.007188239999959478
Prim,1000,5000,0.005451219999849854
